{
  "version": 1,
  "author": "Arvind Patil",
  "editor": "wokwi",
  "parts": [
    { "type": "wokwi-arduino-nano", "id": "nano", "top": 46, "left": 38.67, "attrs": {} },
    {
      "type": "wokwi-led-ring",
      "id": "ring1",
      "top": 13.98,
      "left": -168.93,
      "attrs": { "pixels": "12" }
    },
    {
      "type": "wokwi-lcd2004",
      "id": "lcd1",
      "top": -156.53,
      "left": -78.27,
      "attrs": { "pins": "i2c" }
    }
  ],
  "connections": [
    [ "ring1:GND", "nano:GND.1", "black", [ "v99.7", "h259.9" ] ],
    [ "ring1:VCC", "nano:VIN", "red", [ "v123.04", "h262.97" ] ],
    [ "ring1:DIN", "nano:6", "green", [ "v35.04", "h182.7" ] ],
    [ "lcd1:SCL", "nano:A5", "green", [ "h-36.9", "v126.22", "h248.67" ] ],
    [ "lcd1:SDA", "nano:A4", "green", [ "h-15.56", "v111.72", "h216.67" ] ],
    [ "lcd1:GND", "nano:GND.1", "black", [ "h-67.56", "v115.38", "h0.67" ] ],
    [ "lcd1:VCC", "nano:5V", "red", [ "h-106.9", "v234.55", "h342.67", "v8.67" ] ]
  ],
  "dependencies": {}
}