{
  "version": 1,
  "author": "Arvind Patil",
  "editor": "wokwi",
  "parts": [
    { "type": "wokwi-arduino-nano", "id": "nano", "top": 65.99, "left": -75.33, "attrs": {} },
    {
      "type": "wokwi-led-ring",
      "id": "ring1",
      "top": -125.76,
      "left": -69.08,
      "attrs": { "pixels": "12" }
    }
  ],
  "connections": [
    [ "ring1:GND", "nano:GND.1", "black", [ "v155.5", "h89.71" ] ],
    [ "ring1:VCC", "nano:5V", "red", [ "v110.83", "h66.1" ] ],
    [ "ring1:DIN", "nano:6", "green", [ "v0" ] ]
  ],
  "dependencies": {}
}