{
  "version": 1,
  "author": "Arvind Patil",
  "editor": "wokwi",
  "parts": [
    {
      "type": "wokwi-esp32-devkit-v1",
      "id": "esp",
      "top": 58.67,
      "left": 2.67,
      "rotate": 90,
      "attrs": { "env": "micropython-20230426-v1.20.0" }
    },
    {
      "type": "wokwi-led-ring",
      "id": "ring1",
      "top": -75.5,
      "left": -47.75,
      "attrs": { "pixels": "16" }
    },
    {
      "type": "wokwi-led-ring",
      "id": "ring2",
      "top": -72.17,
      "left": 114.23,
      "attrs": { "pixels": "16" }
    }
  ],
  "connections": [
    [ "esp:TX0", "$serialMonitor:RX", "", [] ],
    [ "esp:RX0", "$serialMonitor:TX", "", [] ],
    [ "ring1:GND", "esp:GND.2", "black", [ "v12.94", "h-1.49" ] ],
    [ "ring2:GND", "esp:GND.2", "black", [ "v86.27", "h-160.14" ] ],
    [ "ring1:VCC", "ring2:VCC", "red", [ "v18.94", "h160.91" ] ],
    [ "ring2:VCC", "esp:3V3", "red", [ "v171.61", "h-182.4" ] ],
    [ "ring1:DIN", "esp:D12", "green", [ "v0" ] ],
    [ "ring2:DIN", "esp:D14", "green", [ "v2.94", "h-134.01" ] ]
  ],
  "dependencies": {}
}