{
  "version": 1,
  "author": "Arvind Patil",
  "editor": "wokwi",
  "parts": [
    { "type": "wokwi-arduino-nano", "id": "nano", "top": 92, "left": -49.33, "attrs": {} },
    {
      "type": "wokwi-led-ring",
      "id": "ring1",
      "top": -128.43,
      "left": -17.75,
      "attrs": { "pixels": "16" }
    }
  ],
  "connections": [
    [ "ring1:GND", "nano:GND.2", "black", [ "v0" ] ],
    [ "ring1:VCC", "nano:VIN", "red", [ "v0" ] ],
    [ "ring1:DIN", "nano:6", "green", [ "v0" ] ]
  ],
  "dependencies": {}
}