{
  "version": 1,
  "author": "Arvind Patil",
  "editor": "wokwi",
  "parts": [
    { "type": "wokwi-esp32-devkit-v1", "id": "esp", "top": 161.35, "left": 42.19, "attrs": {} },
    {
      "type": "wokwi-led-ring",
      "id": "ring1",
      "top": 10.24,
      "left": -181.21,
      "attrs": { "pixels": "24" }
    },
    {
      "type": "wokwi-led-ring",
      "id": "ring2",
      "top": -8.29,
      "left": 143.35,
      "attrs": { "pixels": "24" }
    }
  ],
  "connections": [
    [ "esp:TX0", "$serialMonitor:RX", "", [] ],
    [ "esp:RX0", "$serialMonitor:TX", "", [] ],
    [ "ring1:GND", "esp:GND.2", "black", [ "v0" ] ],
    [ "ring2:GND", "esp:GND.1", "black", [ "v0" ] ],
    [ "ring1:VCC", "esp:VIN", "red", [ "v0" ] ],
    [ "ring2:VCC", "esp:3V3", "red", [ "v0" ] ],
    [ "ring1:DIN", "esp:D2", "green", [ "v0" ] ],
    [ "ring2:DIN", "esp:D4", "green", [ "v0" ] ]
  ],
  "dependencies": {}
}